{
  "historical": {
    "scripts": {
      "ETERNAL": {
        "exchange": "NSE",
        "segment": "Equity",
        "timestamps": {
          "07-Apr-2025": {
            "underlying_price": 209.6300048828125
          },
          "08-Apr-2025": {
            "underlying_price": 215.19000244140625
          },
          "09-Apr-2025": {
            "underlying_price": 211.38999938964844
          },
          "11-Apr-2025": {
            "underlying_price": 217.1999969482422
          },
          "15-Apr-2025": {
            "underlying_price": 222.22999572753906
          },
          "16-Apr-2025": {
            "underlying_price": 222.0800018310547
          },
          "17-Apr-2025": {
            "underlying_price": 231.60000610351562
          }
        }
      }
    }
  }
}