{
  "historical": {
    "scripts": {
      "UNITDSPR": {
        "exchange": "NSE",
        "segment": "Equity",
        "timestamps": {
          "30-May-2024": {
            "underlying_price": 1171.3499755859375
          },
          "31-May-2024": {
            "underlying_price": 1159.4000244140625
          },
          "03-Jun-2024": {
            "underlying_price": 1181.0999755859375
          },
          "04-Jun-2024": {
            "underlying_price": 1204.0
          },
          "05-Jun-2024": {
            "underlying_price": 1298.5
          },
          "06-Jun-2024": {
            "underlying_price": 1305.449951171875
          },
          "07-Jun-2024": {
            "underlying_price": 1307.550048828125
          },
          "10-Jun-2024": {
            "underlying_price": 1315.0999755859375
          },
          "11-Jun-2024": {
            "underlying_price": 1317.699951171875
          },
          "12-Jun-2024": {
            "underlying_price": 1290.8499755859375
          },
          "13-Jun-2024": {
            "underlying_price": 1275.449951171875
          },
          "14-Jun-2024": {
            "underlying_price": 1269.0
          },
          "18-Jun-2024": {
            "underlying_price": 1252.5999755859375
          },
          "19-Jun-2024": {
            "underlying_price": 1272.8499755859375
          },
          "20-Jun-2024": {
            "underlying_price": 1265.550048828125
          },
          "21-Jun-2024": {
            "underlying_price": 1260.6500244140625
          },
          "24-Jun-2024": {
            "underlying_price": 1298.3499755859375
          },
          "25-Jun-2024": {
            "underlying_price": 1281.9000244140625
          },
          "26-Jun-2024": {
            "underlying_price": 1276.800048828125
          },
          "27-Jun-2024": {
            "underlying_price": 1287.800048828125
          },
          "28-Jun-2024": {
            "underlying_price": 1276.5
          },
          "01-Jul-2024": {
            "underlying_price": 1267.800048828125
          },
          "02-Jul-2024": {
            "underlying_price": 1274.949951171875
          },
          "03-Jul-2024": {
            "underlying_price": 1271.5
          },
          "04-Jul-2024": {
            "underlying_price": 1259.4000244140625
          },
          "05-Jul-2024": {
            "underlying_price": 1254.1500244140625
          },
          "08-Jul-2024": {
            "underlying_price": 1272.0999755859375
          },
          "09-Jul-2024": {
            "underlying_price": 1288.25
          },
          "10-Jul-2024": {
            "underlying_price": 1281.050048828125
          },
          "11-Jul-2024": {
            "underlying_price": 1284.5
          },
          "12-Jul-2024": {
            "underlying_price": 1289.6500244140625
          },
          "15-Jul-2024": {
            "underlying_price": 1303.699951171875
          },
          "16-Jul-2024": {
            "underlying_price": 1298.5999755859375
          },
          "18-Jul-2024": {
            "underlying_price": 1299.449951171875
          },
          "19-Jul-2024": {
            "underlying_price": 1297.75
          },
          "22-Jul-2024": {
            "underlying_price": 1308.0999755859375
          },
          "23-Jul-2024": {
            "underlying_price": 1332.0
          },
          "24-Jul-2024": {
            "underlying_price": 1382.8499755859375
          },
          "25-Jul-2024": {
            "underlying_price": 1443.800048828125
          },
          "26-Jul-2024": {
            "underlying_price": 1415.4000244140625
          },
          "29-Jul-2024": {
            "underlying_price": 1421.0999755859375
          },
          "30-Jul-2024": {
            "underlying_price": 1409.25
          },
          "31-Jul-2024": {
            "underlying_price": 1413.300048828125
          },
          "01-Aug-2024": {
            "underlying_price": 1413.75
          },
          "02-Aug-2024": {
            "underlying_price": 1421.0
          },
          "05-Aug-2024": {
            "underlying_price": 1400.25
          },
          "06-Aug-2024": {
            "underlying_price": 1411.0999755859375
          },
          "07-Aug-2024": {
            "underlying_price": 1462.800048828125
          },
          "08-Aug-2024": {
            "underlying_price": 1459.800048828125
          },
          "09-Aug-2024": {
            "underlying_price": 1454.949951171875
          },
          "12-Aug-2024": {
            "underlying_price": 1418.0
          },
          "13-Aug-2024": {
            "underlying_price": 1403.199951171875
          },
          "14-Aug-2024": {
            "underlying_price": 1404.550048828125
          },
          "16-Aug-2024": {
            "underlying_price": 1406.300048828125
          },
          "19-Aug-2024": {
            "underlying_price": 1402.9000244140625
          },
          "20-Aug-2024": {
            "underlying_price": 1407.25
          },
          "21-Aug-2024": {
            "underlying_price": 1431.6500244140625
          },
          "22-Aug-2024": {
            "underlying_price": 1451.800048828125
          },
          "23-Aug-2024": {
            "underlying_price": 1429.6500244140625
          },
          "26-Aug-2024": {
            "underlying_price": 1457.449951171875
          },
          "28-Aug-2024": {
            "underlying_price": 1448.300048828125
          },
          "29-Aug-2024": {
            "underlying_price": 1448.8499755859375
          },
          "30-Aug-2024": {
            "underlying_price": 1474.3499755859375
          },
          "02-Sep-2024": {
            "underlying_price": 1484.8499755859375
          },
          "03-Sep-2024": {
            "underlying_price": 1478.9000244140625
          },
          "04-Sep-2024": {
            "underlying_price": 1499.3499755859375
          },
          "05-Sep-2024": {
            "underlying_price": 1485.0
          },
          "06-Sep-2024": {
            "underlying_price": 1461.699951171875
          },
          "09-Sep-2024": {
            "underlying_price": 1504.050048828125
          },
          "10-Sep-2024": {
            "underlying_price": 1508.199951171875
          },
          "11-Sep-2024": {
            "underlying_price": 1523.300048828125
          },
          "12-Sep-2024": {
            "underlying_price": 1529.199951171875
          },
          "13-Sep-2024": {
            "underlying_price": 1523.3499755859375
          },
          "16-Sep-2024": {
            "underlying_price": 1547.25
          },
          "17-Sep-2024": {
            "underlying_price": 1555.75
          },
          "18-Sep-2024": {
            "underlying_price": 1537.75
          },
          "19-Sep-2024": {
            "underlying_price": 1529.75
          },
          "20-Sep-2024": {
            "underlying_price": 1574.1500244140625
          },
          "23-Sep-2024": {
            "underlying_price": 1628.25
          },
          "24-Sep-2024": {
            "underlying_price": 1635.550048828125
          },
          "25-Sep-2024": {
            "underlying_price": 1626.5999755859375
          },
          "26-Sep-2024": {
            "underlying_price": 1644.5999755859375
          },
          "27-Sep-2024": {
            "underlying_price": 1596.5999755859375
          },
          "30-Sep-2024": {
            "underlying_price": 1589.9000244140625
          },
          "01-Oct-2024": {
            "underlying_price": 1610.949951171875
          },
          "03-Oct-2024": {
            "underlying_price": 1564.0999755859375
          },
          "04-Oct-2024": {
            "underlying_price": 1531.3499755859375
          },
          "07-Oct-2024": {
            "underlying_price": 1506.300048828125
          },
          "08-Oct-2024": {
            "underlying_price": 1519.0
          },